subject,summary,press,date,link
"떨어지는 다이아몬드값, 배후에는 ‘이 나라’가?…결혼기피·인공보석에 ‘굴욕’","세계적으로 귀금속과 광물 가격이 치솟는 추세인 가운데, 영원한 사랑의 상징이자 대표적인 사치재로 꼽히는 다이아몬드는 가격이 내려가는 굴.. 매일경제 | 2024-12-23 22:21:10",매일경제,2024-12-23 22:21:10,https://n.news.naver.com/mnews/article/009/0005418639
“연말 보너스라도 좀 챙기자”…고배당 찾는 뭉칫돈 ‘이 종목’에 몰린다는데,키움증권·효성·한일시멘트 6% 배당수익률에 투자 몰려 일주일새 주가 5% 이상 급등 코스피200 기업 절반 가까이 ‘벚꽃배당’으로 기준.. 매일경제 | 2024-12-23 21:10:08,매일경제,2024-12-23 21:10:08,https://n.news.naver.com/mnews/article/009/0005418631
"“국장 떠나는 개미, 그래도 이건 꼭 잡았다”…이자에 매매차익까지 있다는데",채권개미 올 40조 사들여 코스피 순매수 금액 3배 달해 표면이율 낮으면 가격 더 올라 금리 더 떨어지기 전에 사재기 금투세 폐지로 차.. 매일경제 | 2024-12-23 20:58:14,매일경제,2024-12-23 20:58:14,https://n.news.naver.com/mnews/article/009/0005418629
"“그 회사 대표가 OOO 의원 동창이래”…위험천만 정치테마주, 결국",탄핵 정국에 급등락 주의보 정치테마 지수 2개월새 40%↑ 비상계엄 선포·해제와 이어진 탄핵 정국으로 정치 테마주 주가가 이전 대비 4.. 매일경제 | 2024-12-23 20:20:11,매일경제,2024-12-23 20:20:11,https://n.news.naver.com/mnews/article/009/0005418620
"금감원, 이수페타시스 유상증자 또 제동… 증권신고서 두 번째 반려",금융감독원이 23일 이수페타시스의 5500억원 규모 유상증자에 또 다시 제동을 걸었다. 금감원은 지난 11일 이수페타시스가 제출한 유상.. 조선비즈 | 2024-12-23 20:09:07,조선비즈,2024-12-23 20:09:07,https://n.news.naver.com/mnews/article/366/0001042343
"고려아연, 내달 임시주총 안건 확정…이사수 상한·집중투표제 등",고려아연이 다음달 23일 열리는 임시주주총회에서 이사회 이사 수를 19명으로 제한하는 안과 집중투표제 도입 등의 안건을 다루기로 했다... 한국경제 | 2024-12-23 19:49:14,한국경제,2024-12-23 19:49:14,https://n.news.naver.com/mnews/article/015/0005073803
“금요일 저녁에 이래도 됩니까”…코스닥사 기습 유증에 난리 난 개미들,‘2500억 유상증자’ 차바이오텍 하루새 주가 29% 하락 신저가 지아이이노베이션은 8%대 뚝 코스닥에 상장한 바이오 기업들이 나란히 .. 매일경제 | 2024-12-23 19:49:11,매일경제,2024-12-23 19:49:11,https://n.news.naver.com/mnews/article/009/0005418615
"MBK·영풍, “판세 불리한 최윤범 회장, 주주간 분쟁 지속시키려 집중투표제 악용”","23일 고려아연 이사회가 집중투표제를 포함해 이사 총수를 19인으로 제한하는 것을 내달 임시주주총회 안건으로 결의하자, MBK파트너스·.. 매일경제 | 2024-12-23 19:32:11",매일경제,2024-12-23 19:32:11,https://n.news.naver.com/mnews/article/009/0005418609
"MBK·영풍 “최윤범 회장, 집중투표제 악용…회장직 유지 위한 꼼수” 주장","고려아연 이사회가 다음달 열릴 임시주주총회 안건을 23일 공개한 가운데, MBK파트너스-영풍 연합은 최윤범 회장 측이 집중 투표제를 악.. 조선비즈 | 2024-12-23 19:01:10",조선비즈,2024-12-23 19:01:10,https://n.news.naver.com/mnews/article/366/0001042340
"한앤코, SK스페셜티 경영권 2.7조에 인수 [시그널]",사모펀드(PEF) 운용사 한앤컴퍼니가 SK(034730)㈜의 특수가스 자회사인 SK스페셜티 지분 85%를 2조 7000억 원에 사들인다.. 서울경제 | 2024-12-23 18:55:11,서울경제,2024-12-23 18:55:11,https://n.news.naver.com/mnews/article/011/0004431463
비트코인부터 金까지 글로벌 '에브리싱 랠리'…코스피만 '-8%' 굴욕,‘달러가 오르면 금값은 내린다.’ ‘안전자산이 오르면 위험자산은 내린다.’ 지난 수십 년간 재테크 시장에서 통용되던 전통적 논리가 무너.. 한국경제 | 2024-12-23 18:42:20,한국경제,2024-12-23 18:42:20,https://n.news.naver.com/mnews/article/015/0005073767
韓-美 증시 수익률 격차 24년 만에 최대로 벌어져,올해 미국·한국 양국 증시 대표 지수의 수익률 차이가 24년 만에 최대 수준까지 벌어졌다. 올해 미국 증시 강세가 두드러진 반면 국내 .. 한국경제 | 2024-12-23 18:40:20,한국경제,2024-12-23 18:40:20,https://n.news.naver.com/mnews/article/015/0005073764
"격차 좁힌 한투, 뒷걸음질 KB…내년 ETF `3위 다툼` 주목",꾸준한 자금 유입으로 최근 상장지수펀드(ETF) 시장 규모가 170조원을 넘어서면서 내년 자산운용사간 ETF 점유율 다툼이 한층 치열해.. 디지털타임스 | 2024-12-23 18:40:14,디지털타임스,2024-12-23 18:40:14,https://n.news.naver.com/mnews/article/029/0002924922
"글랜우드PE, 바이오매스 발전사 SGC그린파워 인수 안한다",사모펀드(PEF) 운용사 글랜우드프라이빗에쿼티가 바이오매스 발전사 SGC그린파워를 인수하려던 계획을 철회했다. 양사는 10월 말 주식매.. 조선비즈 | 2024-12-23 18:36:12,조선비즈,2024-12-23 18:36:12,https://n.news.naver.com/mnews/article/366/0001042338
"""치솟는 美증시로""… 국장 탈출한 개미들, 해외ETF 올인","올해 개인투자자들의 상장지수펀드 순매수금액이 역대 최대치로 치솟았다. 다만, 전체 순매수 금액에서 해외 매수비중이 60%를 넘어 ETF.. 파이낸셜뉴스 | 2024-12-23 18:33:20",파이낸셜뉴스,2024-12-23 18:33:20,https://n.news.naver.com/mnews/article/014/0005286403
“다 같은 수출株 아니다” 킹달러에 웃는 종목 따로 있네[투자360],수출주 중 반도체만 힘 못써 KRX 반도체 지수 전년 대비 20.94% 하락 트럼프 타고 조선柱 날개 [게티이미지뱅크·한국조선해양 자료.. 헤럴드경제 | 2024-12-23 18:31:10,헤럴드경제,2024-12-23 18:31:10,https://n.news.naver.com/mnews/article/016/0002406587
"이영곤 토스證 리서치센터장 ""내년에도 美 증시가 대세 2분기 조정 때 주워담아라""",이 기사는 국내 최대 해외 투자정보 플랫폼 한경 글로벌마켓에 게재된 기사입니다. “내년도 ‘미국 주식의 해’가 될 겁니다. 인공지능(A.. 한국경제 | 2024-12-23 18:27:13,한국경제,2024-12-23 18:27:13,https://n.news.naver.com/mnews/article/015/0005073731
"""美 선박법 수혜…K조선, 내년에도 순항""",국내 주요 조선주가 상승세를 타고 있다. 미국 의회에서 중국 조선업을 견제하는 ‘선박법’이 초당적 지지를 얻어 발의되면서다. 증권가에서.. 한국경제 | 2024-12-23 18:25:12,한국경제,2024-12-23 18:25:12,https://n.news.naver.com/mnews/article/015/0005073728
"韓은 버티기, 美는 올라타기…잘나가는 ETF '180도' 달랐다","이 기사는 국내 최대 해외 투자정보 플랫폼 한경 글로벌마켓에 게재된 기사입니다. 올해 국내 증시에서는 고배당·저변동성 전략이, 미국 증.. 한국경제 | 2024-12-23 18:22:13",한국경제,2024-12-23 18:22:13,https://n.news.naver.com/mnews/article/015/0005073723
"한앤컴퍼니, SK스페셜티 85% 2.7兆에 인수[fn마켓워치]",한앤컴퍼니가 세계 특수가스 제조 1위 기업 SK스페셜티 85%를 약 2조7000억원에 인수한다. SK는 23일 이사회를 열고 이같은 주.. 파이낸셜뉴스 | 2024-12-23 18:19:14,파이낸셜뉴스,2024-12-23 18:19:14,https://n.news.naver.com/mnews/article/014/0005286354
"""밀어붙였지만···"" 금감원, 이수페타시스 유상증자 두 번째 반려",금융감독원이 주주배정 유상증자를 밀어붙인 이수페타시스에 재차 정정요구 결정을 내렸다. 앞서 제이오 인수를 목적으로 발표해 주주들 원성을.. 파이낸셜뉴스 | 2024-12-23 18:14:15,파이낸셜뉴스,2024-12-23 18:14:15,https://n.news.naver.com/mnews/article/014/0005286350
"넷플릭스 손잡은 SBS, 순식간에 급등... 시총 1조원 뚫는다고?",최근 넷플릭스와 전략적 파트너십 계약을 체결한 SBS가 주식시장에서 폭발적인 강세다. 시장 기대감이 커지는 상황에서 증권가의 목표주가 .. 머니투데이 | 2024-12-23 18:04:29,머니투데이,2024-12-23 18:04:29,https://n.news.naver.com/mnews/article/008/0005132529
연말배당 고집한 덕 봤네 … 키움證·효성 쑥,6% 배당수익률에 투자 몰려 일주일새 주가 5% 이상 급등 코스피200 기업 절반 가까이 '벚꽃배당'으로 기준일 변경 상장사가 대거 '.. 매일경제 | 2024-12-23 17:56:11,매일경제,2024-12-23 17:56:11,https://n.news.naver.com/mnews/article/009/0005418537
서학개미 순매수 15배↑…증권사 美진출 가속,윤석열 대통령의 비상계엄 사태 이후 서학 개미들의 미국 주식 순매수액이 무려 전달 대비 15배 폭증한 것으로 나타났다. 이 기간 코스피.. 서울경제 | 2024-12-23 17:51:12,서울경제,2024-12-23 17:51:12,https://n.news.naver.com/mnews/article/011/0004431419
'경기침체와 환율상승' 당국의 대응[투자의 창],대부분의 연구 기관과 금융회사들이 내년 경제 전망을 제시한 지 불과 두 달이 채 되지 않은 상황에서 많은 위험이 현실화했다. 대외적으로.. 서울경제 | 2024-12-23 17:50:21,서울경제,2024-12-23 17:50:21,https://n.news.naver.com/mnews/article/011/0004431418
"국내증시 흔들리자…개미, 채권에 몰렸다",채권개미 올 40조 사들여 코스피 순매수 금액 3배 달해 표면이율 낮으면 가격 더 올라 금리 더 떨어지기 전에 사재기 금투세 폐지로 차.. 매일경제 | 2024-12-23 17:47:07,매일경제,2024-12-23 17:47:07,https://n.news.naver.com/mnews/article/009/0005418521
반복되는 '올빼미 유증' 잔혹사…차바이오텍 주가 29% 폭락,올해 국내 상장사들이 유상증자를 단행한 후 주가가 급락하는 사례가 빈번하게 일어나고 있다. 유증 가격이 당시 주가보다 낮거나 금요일 장.. 서울경제 | 2024-12-23 17:46:07,서울경제,2024-12-23 17:46:07,https://n.news.naver.com/mnews/article/011/0004431408
1452원 연고점 갈아치운 원/달러 환율…수혜·피해株는?,"원/달러 환율이 1452원을 기록, 종가 기준 연고점을 갈아치웠다. 미국 FOMC(연방공개시장위원회)의 매파적 태도와 국내 정치 불확실.. 머니투데이 | 2024-12-23 17:43:36",머니투데이,2024-12-23 17:43:36,https://n.news.naver.com/mnews/article/008/0005132506
나홀로 '산타랠리' 소외된 쓸쓸한 코스피… 연말에도 지지부진,미국 등 주요국 증시가 상승 곡선을 그린 것과 반대로 국내증시는 연말 산태랠리에서 소외되는 분위기다. 증권가에서는 예년과 다르게 고환율.. 머니S | 2024-12-23 17:36:29,머니S,2024-12-23 17:36:29,https://n.news.naver.com/mnews/article/417/0001047304
"악재 이미 반영했다던 코스피, 올해 '반등' 마무리 할까",올해 증시 폐장을 일주일 앞둔 코스피의 마무리가 어떻게 될지 투자자들의 관심이 집중되고 있다. 투자심리가 악화한 채 2025년 새해를 .. 이데일리 | 2024-12-23 17:36:08,이데일리,2024-12-23 17:36:08,https://n.news.naver.com/mnews/article/018/0005911911
"검찰로 넘어간 파두…""시장조치 대상 아냐""",'뻥튀기 상장' 논란이 있는 반도체 설계기업 파두와 상장 주관사를 맡은 NH투자증권 관계자들이 주말 사이 검찰에 넘겨졌습니다. IPO .. 한국경제TV | 2024-12-23 17:33:41,한국경제TV,2024-12-23 17:33:41,https://n.news.naver.com/mnews/article/215/0001192826
"금감원, '유증 강행' 이수페타시스 정정신고서 또 반려",두 번째 정정신고서 제출 요구 금융감독원(금감원)이 이수페타시스의 유상증자를 또 다시 반려했다. 23일 금감원은 이수페타시스가 제출한 .. 더팩트 | 2024-12-23 17:33:18,더팩트,2024-12-23 17:33:18,https://n.news.naver.com/mnews/article/629/0000350561
믿었던 하이닉스마저…10곳 중 8곳 실적전망 낮춰,"달러당 1,450원을 넘나드는 고환율로 기업 실적에도 비상이 걸렸습니다. 외화 부채가 많은 기업들이 강달러의 직격탄을 맞을 것이란 전망.. 한국경제TV | 2024-12-23 17:30:31",한국경제TV,2024-12-23 17:30:31,https://n.news.naver.com/mnews/article/215/0001192821
"맥스트, 메타플랫폼 투자조합에 경영권 매각…70억원 규모 유상증자도 추진","확장현실(XR) 테크기업 맥스트의 최대주주가 메타플랫폼 투자조합에 경영권을 넘긴다. (☞[단독] 확장현실 유망기업이었던 맥스트, M&A.. 조선비즈 | 2024-12-23 17:28:14",조선비즈,2024-12-23 17:28:14,https://n.news.naver.com/mnews/article/366/0001042315
"금감원, 이수페타시스 '5000억 유증' 정정신고 또 반려",금융감독원이 5000억원 규모의 주주 배정 유상증자를 결정한 이수페타시스에 대해 다시 한번 제동을 걸었다. 금감원은 지난 11일 이수페.. 한국경제 | 2024-12-23 17:21:11,한국경제,2024-12-23 17:21:11,https://n.news.naver.com/mnews/article/015/0005073650
"금감원, 이수페타시스 유증 재차 '제동'…제이오 인수 무산 위기",금융감독원이 이수페타시스(007660)의 유상증자에 대해 다시 한 번 정정 요구를 명령했다. 지난 2일에 이어 두 번째 정정 요구로 시.. 서울경제 | 2024-12-23 17:20:07,서울경제,2024-12-23 17:20:07,https://n.news.naver.com/mnews/article/011/0004431386
"유상증자 안 돼… 금감원, 이수페타시스 증권신고서 퇴짜",금융감독원이 이수페타시스의 5500억원 규모 유상증자에 제동을 걸었다. 이달 초에도 이수페타시스가 작성한 증권신고서가 미흡하다며 다시 .. 조선비즈 | 2024-12-23 17:16:12,조선비즈,2024-12-23 17:16:12,https://n.news.naver.com/mnews/article/366/0001042313
”내년 또한 미국주식의 해 될 것…2분기 조정 오면 비중확대“,이 기사는 국내 최대 해외 투자정보 플랫폼 한경 글로벌마켓에 게재된 기사입니다. “내년도 ‘미국 주식의 해’가 될 겁니다. 인공지능(A.. 한국경제 | 2024-12-23 17:07:11,한국경제,2024-12-23 17:07:11,https://n.news.naver.com/mnews/article/015/0005073646
아직도 높은 금리…금리형·단기채ETF에 뭉칫돈,금리형 및 단기채 상장지수펀드(ETF)에 투자자금이 대거 유입되고 있다. 미국 연방준비제도(Fed·연준)가 금리 인하 속도 조절을 시사.. 이데일리 | 2024-12-23 17:01:09,이데일리,2024-12-23 17:01:09,https://n.news.naver.com/mnews/article/018/0005911880
"트럼프 따라 고공 행진하던 이 지수, 12월 들어 ‘뚝’…1월 전망은? [투자360]","11월 러셀2000 주가 상승률 10.8%→12월 -7.9% 러셀2000, 친기업 정책으로 트럼프 수혜주로 꼽혀 “11월 정책 기대감 .. 헤럴드경제 | 2024-12-23 17:01:09",헤럴드경제,2024-12-23 17:01:09,https://n.news.naver.com/mnews/article/016/0002406555
"美 보조금 확정된 삼성전자·SK하이닉스, 열흘 만에 동반 상승[핫종목]",삼성전자와 SK하이닉스 주가가 23일 동반 상승했다. 미국 정부 보조금 확정으로 불확실성이 해소된 데다 브로드컴 납품 기대감도 겹친 영.. 뉴스1 | 2024-12-23 16:59:33,뉴스1,2024-12-23 16:59:33,https://n.news.naver.com/mnews/article/421/0007983518
"국내 증시, 사흘만에 반등…반도체株 불확실성 해소","국내 증시가 23일 외국인과 기관의 저가 매수로 사흘 만에 반등에 성공했다. 코스피는 1.5% 넘게 올라 2440대를 회복했고, 코스닥.. 아시아경제 | 2024-12-23 16:58:25",아시아경제,2024-12-23 16:58:25,https://n.news.naver.com/mnews/article/277/0005522241
"""韓 정재계 인사 중 유일""…신세계 그룹株, 트럼프 만남에 급등","신세계 I&C, 상한가 기록…신세계푸드 등도 강세 정용진 신세계그룹 회장이 도널드 트럼프 미국 대통령 당선인과 만나 대화를 나눴다는 소.. 디지털타임스 | 2024-12-23 16:48:07",디지털타임스,2024-12-23 16:48:07,https://n.news.naver.com/mnews/article/029/0002924851
"금감원, 이수페타시스 '5000억 유증' 정정신고서 또 반려",금융감독원이 5000억원 규모의 주주 배정 유상증자를 강행한 이수페타시스에 대해 또 다시 제동을 걸었다. 금감원은 지난 11일 이수페타.. 뉴시스 | 2024-12-23 16:42:45,뉴시스,2024-12-23 16:42:45,https://n.news.naver.com/mnews/article/003/0012977945
"금감원, 이수페타시스 유증에 또 정정요구…자금조달 ‘제동’[마켓인]",금융감독원이 이수페타시스(007660)의 유상증자에 두 번째 정정 요구를 명령했다. 제이오(418550) 인수를 위한 자금 조달이 시급.. 이데일리 | 2024-12-23 16:42:19,이데일리,2024-12-23 16:42:19,https://n.news.naver.com/mnews/article/018/0005911862
산타는 안 와도 외국인은 돌아왔다…반등 훈풍 불어온 코스피,코스피에 외국인 투자자가 돌아왔다. 미국에서 물가 지표 발표로 인플레이션 우려가 한 풀 꺾인데다 저가 매수세가 유입된 영향이다. 23일.. 머니투데이 | 2024-12-23 16:38:44,머니투데이,2024-12-23 16:38:44,https://n.news.naver.com/mnews/article/008/0005132438
"""오늘은 내리나 했는데""…원·달러 환율 도로 '1452원' [한경 외환시장 워치]",원·달러 환율이 3거래일 연속 1450원 위에서 주간 거래를 마쳤다. 장 초반 소폭 하락 출발하면서 1440원대 진입 기대가 나왔으나 .. 한국경제 | 2024-12-23 16:25:16,한국경제,2024-12-23 16:25:16,https://n.news.naver.com/mnews/article/015/0005073628
달러 하락에 대거 베팅한 개미들 '어쩌나'…환율 여전히 '고공행진',개인 투자자들이 달러 하락에 대거 베팅하고 있는 것으로 나타난 가운데 원·달러 환율이 연일 고공행진을 이어가고 있다. 23일 한국거래소.. 부산일보 | 2024-12-23 16:21:10,부산일보,2024-12-23 16:21:10,https://n.news.naver.com/mnews/article/082/0001304184
채권발행 주관 왕좌 KB證…NH는 아쉬운 2위[마켓인],이 기사는 2024년12월23일 14시17분에 마켓인 프리미엄 콘텐츠로 선공개 되었습니다. 올해 회사채 시장이 유례없는 활황세를 이어간.. 이데일리 | 2024-12-23 16:18:08,이데일리,2024-12-23 16:18:08,https://n.news.naver.com/mnews/article/018/0005911839
2440선 회복한 코스피…외인·기관 '동반 사자'(종합),코스피가 외국인과 기관 동반 순매수세에 힘입어 2440선으로 올라섰다. 지수가 상승 마감한 건 3거래일 만이다. 23일 코스피는 전 거.. 뉴시스 | 2024-12-23 16:16:27,뉴시스,2024-12-23 16:16:27,https://n.news.naver.com/mnews/article/003/0012977855
"外人·기관 돌아오니 코스피 올랐다…사흘만 반등에 2,440대 회복 [투자360]",美 보조금 불확실성 해소에 반도체주 상승 조선주 연일 강세 코스닥 1.6% 올라 680대 목전 23일 오후 서울 중구 하나은행 본점 딜.. 헤럴드경제 | 2024-12-23 16:12:13,헤럴드경제,2024-12-23 16:12:13,https://n.news.naver.com/mnews/article/016/0002406516
"올해 종목보단 ETF, 국내보단 해외ETF에 개미 '쏠림'...국장탈출 가속화","올해 개인투자자들의 상장지수펀드 순매수금액이 역대 최대치를 치솟았다. 다만, 전체 순매수 금액에서 해외 매수비중이 60%를 넘어 ETF.. 파이낸셜뉴스 | 2024-12-23 16:10:18",파이낸셜뉴스,2024-12-23 16:10:18,https://n.news.naver.com/mnews/article/014/0005286267
美 선박법 훈풍에 든든한 조선·방산株…한화오션 7%대↑[핫종목],조선·방산업종에 대한 미국 수혜 기대감이 지속되고 있다.미국 선박법(SHIPS Act) 발의 소식이 동맹국인 한국에 긍정적인 영향을 끼.. 뉴스1 | 2024-12-23 16:09:27,뉴스1,2024-12-23 16:09:27,https://n.news.naver.com/mnews/article/421/0007983356
"원전株, 계엄사태 딛고 상승…수주 잭팟에 계약 기대감[핫종목]",계엄령 사태 이후 정책 동력 상실 우려에 약세였던 원전 관련주가 상승 마감했다. 루마니아 원전 개선사업 수주 낭보에 이어 체코 원전 계.. 뉴스1 | 2024-12-23 16:09:19,뉴스1,2024-12-23 16:09:19,https://n.news.naver.com/mnews/article/421/0007983354
역내외 ‘달러 사자’…환율 3거래일째 1450원대[외환마감],원·달러 환율이 1450원대에서 내려오지 않고 있다. 달러 강세가 진정됐음에도 불구하고 역내와 역외에서 달러 매수세가 지속되면서 환율이.. 이데일리 | 2024-12-23 16:08:07,이데일리,2024-12-23 16:08:07,https://n.news.naver.com/mnews/article/018/0005911832
정용진 회장 '트럼프 면담'에 신세계I&C 상한가(종합),신세계푸드 24%·이마트 6% 등 그룹주 동반 상승 정용진 신세계그룹 회장이 도널트 트럼프 미국 당선인과 만난 가운데 23일 관련 종목.. 연합뉴스 | 2024-12-23 16:07:06,연합뉴스,2024-12-23 16:07:06,https://n.news.naver.com/mnews/article/001/0015122097
주요 지수 중 꼴찌 전락한 코스피… 두자릿수 하락률까지 찍을까?,12월 들어 코스피 하락세가 이어지면서 연말 산타 랠리에 대한 기대감이 사라졌다. 비상계엄 사태로 인한 정국 혼란에 외국인의 이탈 규모.. 머니투데이 | 2024-12-23 16:06:10,머니투데이,2024-12-23 16:06:10,https://n.news.naver.com/mnews/article/008/0005132400
"코스피, 사흘만에 반등 2,440대 회복…외국인·기관 '동반 매수'(종합)",美 보조금 불확실성 해소에 반도체주 상승…조선주 연일 강세 외국인·기관 양시장서 순매수…코스닥 1.6% 올라 680대 목전 코스피와 코.. 연합뉴스 | 2024-12-23 16:03:53,연합뉴스,2024-12-23 16:03:53,https://n.news.naver.com/mnews/article/001/0015122081
“또 올빼미 공시” ··· 금요일 저녁 기습 유증에 개미들 ‘원성’,차바이오텍·GI이노베이션 20일 장마감 후 유증 공시 23일 각각 29%·8% 급락 코스닥에 상장한 바이오 기업들이 나란히 금요일이었던.. 매일경제 | 2024-12-23 16:03:14,매일경제,2024-12-23 16:03:14,https://n.news.naver.com/mnews/article/009/0005418386
"새로운 투자 화두 '양자컴퓨터', 관련주 이틀 上 기록하고 또 상승",양자컴퓨터가 증시의 새로운 투자 화두로 떠오르면서 관련주가 연일 상승했다. 구글이 양자컴퓨터를 개발했다고 밝힌 후 국내 증시에서도 관련.. 머니투데이 | 2024-12-23 15:58:11,머니투데이,2024-12-23 15:58:11,https://n.news.naver.com/mnews/article/008/0005132390
돈도 사람도 미국으로 미국으로...원캐리 트레이드 시작됐다,국내 투자자들의 미국주식 투자 열풍이 불어닥치며 자본유출이 심각한 수준으로 이어지고 있다. 한국의 정치적 불안과 미국의 금리인하 속도도.. 머니투데이 | 2024-12-23 15:56:08,머니투데이,2024-12-23 15:56:08,https://n.news.naver.com/mnews/article/008/0005132387
"코스피, 미 인플레 우려 완화에 2440선 회복…외인·기관 '사자'",23일 코스피 지수가 미 인플레이션 우려 완화에 1.5% 급등하며 2440선을 회복했다. 이날 코스피 지수는 전 거래일 대비 37.86.. 한국경제 | 2024-12-23 15:48:14,한국경제,2024-12-23 15:48:14,https://n.news.naver.com/mnews/article/015/0005073592
"낙폭 되돌린 증시…""반등시 비중축소 필요"" [장 안의 화제]",※ 한국경제TV 생방송 성공투자오후증시는 매일 오후 2시에 방영됩니다. 본 내용은 각 패널 개인의 의견일 뿐 투자 판단은 개인의 몫입니.. 한국경제TV | 2024-12-23 15:43:46,한국경제TV,2024-12-23 15:43:46,https://n.news.naver.com/mnews/article/215/0001192802
외국인·기관 쌍끌이…코스피 3일 만에 반등 마감,지난주 2400 초반까지 밀렸던 코스피 지수가 23일 2440선을 회복했다. 한국거래소에 따르면 이날 코스피 지수는 전장 대비 37.8.. 디지털타임스 | 2024-12-23 15:42:07,디지털타임스,2024-12-23 15:42:07,https://n.news.naver.com/mnews/article/029/0002924822
"""BTS급인데 몰라봤네""…스트레이키즈 '대기록'에 개미들 '환호'",스트레이키즈가 ‘빌보드200’에서 1위를 차지해 6연속 앨범차트 1위라는 대기록을 세우면서 JYP엔터테인먼트의 주가 전망이 밝아지고 있.. 한국경제 | 2024-12-23 15:38:12,한국경제,2024-12-23 15:38:12,https://n.news.naver.com/mnews/article/015/0005073580
연말 휴장 틈타 쏟아지는 '올빼미 공시주의보'… 개미투자자 불안,매년 연말을 앞두고 증시 휴장일을 틈타 악재성 정보를 공시하는 '올빼미 공시'가 반복되고 있어 투자자들이 불안에 떨고 있다. 23일 한.. 머니S | 2024-12-23 15:26:02,머니S,2024-12-23 15:26:02,https://n.news.naver.com/mnews/article/417/0001047243
"모건스탠리, 2025년 탑픽에 ‘엔비디아’···“목표가 166달러”","엔비디아 ‘비중확대’, 목표가 166달러 전망 “트럼프 2기서도 반도체 칩스법 폐기 안될것” 블랙웰 기반 서버생산 내년 중반 가능 분석.. 매일경제 | 2024-12-23 15:24:11",매일경제,2024-12-23 15:24:11,https://n.news.naver.com/mnews/article/009/0005418334
‘오징어게임2’ 공개 앞두고 난리났다는데…웃음꽃 핀 ‘이 종목’,전 세계의 기대를 받고 있는 ‘오징어게임 2’ 개봉을 앞두고 아티스트스튜디오가 신고가를 경신하고 있다. 23일 한국거래소에 따르면 이날.. 헤럴드경제 | 2024-12-23 15:21:07,헤럴드경제,2024-12-23 15:21:07,https://n.news.naver.com/mnews/article/016/0002406489
"“커버드콜 ETF, 높은 분배율만 보지 말고 총수익률 따져야”",“커버드콜 상장지수펀드(ETF)에 투자할 때 분배율뿐 아니라 총수익률을 따져봐야 합니다.” 윤병호 미래에셋자산운용 전략운용본부장은 지난.. 이데일리 | 2024-12-23 15:20:14,이데일리,2024-12-23 15:20:14,https://n.news.naver.com/mnews/article/018/0005911777
글로벌 빅테크 러브콜… 스쿨버스 시장도 뚫은 '이 기업',"자율주행뿐만 아니라 로보틱스, 드론, UAM(도심항공교통) 등 새로운 산업이 개화하고 있는만큼 레이더의 활용범위는 늘어날 겁니다. 스마.. 머니투데이 | 2024-12-23 15:09:44",머니투데이,2024-12-23 15:09:44,https://n.news.naver.com/mnews/article/008/0005132354
금감원 특별단속 소식에…우원식·이재명 정치테마주 '주춤'[핫종목],금융감독원의 특별단속반 가동 소식에 계엄·탄핵 정국에 급등한 정치 테마주가 주춤한 모습이다. 한국거래소에 따르면 23일 오후 2시39분.. 뉴스1 | 2024-12-23 14:58:35,뉴스1,2024-12-23 14:58:35,https://n.news.naver.com/mnews/article/421/0007983068
잇단 스팩 상장폐지…KB·삼성증권도 상폐 수순,상장 규제 강화로 스팩(SPAC·기업인수목적회사) 상장폐지가 잇따르고 있다. NH투자증권·KB증권·삼성증권같은 대형사 스팩도 마땅한 합.. 아이뉴스24 | 2024-12-23 14:51:10,아이뉴스24,2024-12-23 14:51:10,https://n.news.naver.com/mnews/article/031/0000895836
탄핵정국 속 어두워진 상업용 오피스 시장…매물 우르르 쏟아졌지만 소화될까 ‘우려’,서울 지역 상업용 오피스 자산들이 시장에 매물로 쏟아져나온다. 메마른 자금 사정으로 전반적인 부동산 투자시장이 침체된 가운데 탄핵정국으.. 매일경제 | 2024-12-23 14:41:10,매일경제,2024-12-23 14:41:10,https://n.news.naver.com/mnews/article/009/0005418297
"""니켈 사업 자신감에도""…제이스코홀딩스, 자금조달 연기 잇따라",필리핀 니켈 원광 사업에 속도를 내고 있는 제이스코홀딩스가 대규모 전환사채(CB) 발행과 유상증자 계획이 잇따라 지연되면서 투자자들의 .. 뉴시스 | 2024-12-23 14:40:55,뉴시스,2024-12-23 14:40:55,https://n.news.naver.com/mnews/article/003/0012977418
"“비트코인, 생산적 자산으로 만들 것”···sBTC 선보인 스택스 [매일코인]",“비트코인은 가치 저장 수단을 넘어 생산적 자산으로 활용될 수 있는 가능성이 높다. 스택스와 나카모토 업데이트는 이런 가능성에 기회를 .. 매일경제 | 2024-12-23 14:38:15,매일경제,2024-12-23 14:38:15,https://n.news.naver.com/mnews/article/009/0005418293
"스타벅스, CEO 바꿨지만 파업 직격탄···연말 매출도 ‘쓴맛’ 우려","美 스타벅스 노조, 파업 확산 연말 대목 앞두고 타격 불가피 신임 CEO 리더십 시험대 올라 미국 스타벅스 노동조합이 임금 인상과 부당.. 매일경제 | 2024-12-23 14:28:10",매일경제,2024-12-23 14:28:10,https://n.news.naver.com/mnews/article/009/0005418279
"'출신지만 같아도 테마주' 금융감독원, 정치테마주 특별단속반 가동",금융감독원이 정치테마주 집중감시에 나선다. '비상계엄 사태' 이후 정국이 시시각각 달라지면서 정치인들 관련 정치테마주를 활용한 불공정거.. 한국경제 | 2024-12-23 14:16:20,한국경제,2024-12-23 14:16:20,https://n.news.naver.com/mnews/article/015/0005073540
"알멕, 트럼프-머스크 '강달러·관세·CCUS' 업고 美시장 성장 전망 눈길",최근 글로벌 알루미늄 부품 제조 기업인 알멕(ALMAC)이 일련의 긍정적인 외부 요인으로 주목받고 있다. 특히 기존 북미 고객사인 리비.. 파이낸셜뉴스 | 2024-12-23 14:05:16,파이낸셜뉴스,2024-12-23 14:05:16,https://n.news.naver.com/mnews/article/014/0005286154
"워런 버핏, 현금보유량 470조...증시 고평가 진단했나",가치투자의 대가 워런 버핏이 이끄는 버크셔 해서웨이가 34년만에 최대 규모의 현금을 들고 새해를 맞이한다. 22일 CNBC는 오펜하이머.. 이코노미스트 | 2024-12-23 14:00:13,이코노미스트,2024-12-23 14:00:13,https://n.news.naver.com/mnews/article/243/0000070113
"""코스피 떨어진다"" 하락장 베팅하는 인버스 ETF에 몰린 개미들",국내 증시 하락세에 주가 하락에 베팅하는 인버스 ETF(상장지수펀드)에 투자한 개미들이 웃고 있다. 인버스 ETF가 한 주간 ETF 수.. 머니S | 2024-12-23 13:59:36,머니S,2024-12-23 13:59:36,https://n.news.naver.com/mnews/article/417/0001047200
"동성화인텍, 미국 LNG 신규 수출 제한 조처 해제 기대감에 주가 상승세... MK시그널 추천 후 상승률 8.13% 기록[MK시그널]","12월 23일 동성화인텍(033500)이 강세다. 전일 동성화인텍 주가는 종가 기준 1.28 하락한 14,680원에 마감했다. 현재는 .. 매일경제 | 2024-12-23 13:58:16",매일경제,2024-12-23 13:58:16,https://n.news.naver.com/mnews/article/009/0005418256
‘반도체 보조금’ 매듭지은 삼전…SK하이닉스와 열흘 만에 동반 강세,"삼성전자 1.13%, SK하이닉스 1.84% 상승 중 삼성전자가 미국 정부와 반도체 보조금 계약을 확정 지으면서 SK하이닉스와 함께 강.. 매일경제 | 2024-12-23 13:48:09",매일경제,2024-12-23 13:48:09,https://n.news.naver.com/mnews/article/009/0005418242
"국내 경제 ‘펀더멘탈 악화’ 지속…환율, 장중 1450원 위로[외환분석]",원·달러 환율이 장중 1450원대로 다시 올랐다. 미국 물가 하락으로 인해 달러 강세 압력이 완화됐지만. 장중 위안화 약세가 심화하면서.. 이데일리 | 2024-12-23 12:35:09,이데일리,2024-12-23 12:35:09,https://n.news.naver.com/mnews/article/018/0005911649
"비상계엄 후 날뛰는 정치 테마주…금감원, 집중 감시한다",금융감독원이 특별단속반을 편성해 정치 테마주를 집중 감시한다. 비상계엄 사태 후 정치 테마주의 변동성이 커지면서 불공정 거래가 우려되기.. 한국경제 | 2024-12-23 12:01:16,한국경제,2024-12-23 12:01:16,https://n.news.naver.com/mnews/article/015/0005073498
"계엄령으로 날뛰는 정치테마주에… 금감원, 특별단속반 가동","12·3 비상계엄 사태로 정치테마주가 급등락하자, 금융감독원이 특별단속반을 편성해 집중 감시를 시작한다. 23일 금감원은 정치테마주를 .. 조선비즈 | 2024-12-23 12:01:09",조선비즈,2024-12-23 12:01:09,https://n.news.naver.com/mnews/article/366/0001042201
"비상계엄 이후 난립한 정치테마주, 금감원 단속 강화","#A씨 등 3인은 주식리딩방에서 유력정치인 B씨가 C지역구 총선에 출마해 해당 지역구의 혐오시설을 다른지역으로 이전을 추진할 것이라며,.. 비즈워치 | 2024-12-23 12:00:08",비즈워치,2024-12-23 12:00:08,https://n.news.naver.com/mnews/article/648/0000031802
"""외국인, 올해 삼성전자 빼면 韓 증시서 12조 순매수""",코스피는 6개월째 하락세를 이어가고 있지만 외국인 투자자들은 삼성전자(005930)를 제외하면 여전히 한국 주식을 사들이고 있다는 분석.. 이데일리 | 2024-12-23 11:45:08,이데일리,2024-12-23 11:45:08,https://n.news.naver.com/mnews/article/018/0005911610
"[단독]""70년 독점 깬다""…대체거래소 넥스트레이드, 본인가 신청",거래소 70년 독점을 깰 국내 최초 대체거래소(ATS·다자간매매체결회사)인 넥스트레이드가 본인가 신청을 완료한 것으로 확인됐다. 23일.. 뉴스1 | 2024-12-23 11:43:41,뉴스1,2024-12-23 11:43:41,https://n.news.naver.com/mnews/article/421/0007982455
"[단독]고려아연 방탄법?…국회, 산업기술보호법 졸속처리 논란","개인에 대한 위인설법도 안 되지만 특정 회사에 대한 위인설법도 안된다. 오해받을 필요가 없다.""(김종민 의원) 국회에서 '위인설법'(특.. 비즈워치 | 2024-12-23 11:40:08",비즈워치,2024-12-23 11:40:08,https://n.news.naver.com/mnews/article/648/0000031801
"""산타랠리 기대하지 마세요""…동학개미 마음 다잡을 시간",크리스마스를 이틀 앞두고 코스피가 반등세다. 줄곧 한국 주식을 내다 팔던 외국인이 기관과 함께 순매수를 나타내는 영향이다. 정치 불안과.. 머니투데이 | 2024-12-23 11:39:29,머니투데이,2024-12-23 11:39:29,https://n.news.naver.com/mnews/article/008/0005132254
"급락은 매수 기회…고수익 투자자, '800억 유증' 지아이이노베이션 매집[주식 초고수는 지금]","미래에셋증권에서 거래하는 고수익 투자자들이 23일 오전 가장 많이 순매수한 종목은 지아이이노베이션(358570), 알테오젠(196170.. 서울경제 | 2024-12-23 11:38:13",서울경제,2024-12-23 11:38:13,https://n.news.naver.com/mnews/article/011/0004431226
트럼프 만난 정용진...신세계그룹주 '껑충' [오한마],시청자 여러분 안녕하십니까. 오전장 한방에 마무리하는 뉴스. 오한마 시간입니다. 신세계 정용진 회장이 한국 정재계 인사 가운데 처음으로.. 한국경제TV | 2024-12-23 11:30:16,한국경제TV,2024-12-23 11:30:16,https://n.news.naver.com/mnews/article/215/0001192767
"군인공제회, '스타즈호텔 울산' 재매각 [fn마켓워치]","군인공제회 산하 엠플러스자산운용이 3성급 스타즈호텔 울산 재매각에 돌입했다. 동해선 태화강역, 이마트 울산점 인근 자산이다. 당초 모두.. 파이낸셜뉴스 | 2024-12-23 11:19:09",파이낸셜뉴스,2024-12-23 11:19:09,https://n.news.naver.com/mnews/article/014/0005286062
"고점 신호?…버핏, 현금만 3250억달러 '최대'",미국 증시가 연일 사상 최고가를 경신하고 있는 가운데 '투자의 귀재'로 불리는 워런 버핏 버크셔 해서웨이 회장의 현금 포지션이 계속 늘.. 한국경제TV | 2024-12-23 11:18:51,한국경제TV,2024-12-23 11:18:51,https://n.news.naver.com/mnews/article/215/0001192759
트럼프는 “비트코인 전략자산 비축”...한국은 금융당국자가 아니라면 끝인가 [기자24시],"금융의 사전적 의미는 돈을 융통하는 일이다. 은행부터 증권사, 보험까지 돈이 모이고 다시 흐르는 지점이 되는 곳이 금융사다. 3년 전 .. 매일경제 | 2024-12-23 11:13:11",매일경제,2024-12-23 11:13:11,https://n.news.naver.com/mnews/article/009/0005418171
"'부자아빠' 기요사키 ""비트코인, 기회 남아있어""",세계적인 베스트셀러 '부자 아빠 가난한 아빠'의 저자 로버트 기요사키가 비트코인 투자자들을 위한 조언을 남겼다. 22일(현지시간) 야후.. 한국경제TV | 2024-12-23 11:11:53,한국경제TV,2024-12-23 11:11:53,https://n.news.naver.com/mnews/article/215/0001192758
"코스피 상승 폭 키워 2,440대 반등 시도…코스닥 1.4% 상승","외국인·기관 '동반 매수'…삼성전자·SK하이닉스 반등 폭 커져 네이버·카카오, 차익실현 영향에 하락…코스닥선 바이오株 강세 코스피가 2.. 연합뉴스 | 2024-12-23 11:10:18",연합뉴스,2024-12-23 11:10:18,https://n.news.naver.com/mnews/article/001/0015120985
"키움증권, 종합금융팀 신설...내년 ‘초대형 IB’ 인가 박차",키움증권이 종합금융팀을 신설하고 내년 초대형 투자은행(IB) 인가 신청에 나선다. 올해 엄주성 대표이사 취임 후 리스크 관리 강화의 기.. 데일리안 | 2024-12-23 11:08:16,데일리안,2024-12-23 11:08:16,https://n.news.naver.com/mnews/article/119/0002906960
“20층에 사람있어요”…다시 16만닉스에 ‘부글부글’ 개미,국내 증시 대장주 SK하이닉스가 16만원 선까지 밀려났다. 미국 정부로부터 6600억원 보조금 수령 확정에도 주가는 연이틀 하락세를 기.. 매일경제 | 2024-12-23 10:59:13,매일경제,2024-12-23 10:59:13,https://n.news.naver.com/mnews/article/009/0005418155
"코스피, 1%대 상승에 2430선 안착…삼전·하이닉스 강세",상승 출발한 코스피가 장중 상승 폭을 확대하며 1%대 오름세를 보이고 있다. 특히 삼성전자(005930)와 SK하이닉스(000660)가.. 이데일리 | 2024-12-23 10:57:07,이데일리,2024-12-23 10:57:07,https://n.news.naver.com/mnews/article/018/0005911561
"""세 가지 차트로 예상해 보는 2025 한국시장""[클릭 e종목]","신영증권은 23일 '세 가지 차트로 예상해 보는 2025 한국 시장' 보고서를 통해 ""올해 외국인이 삼성전자를 제외하면 12조원 가까이.. 아시아경제 | 2024-12-23 10:48:00",아시아경제,2024-12-23 10:48:00,https://n.news.naver.com/mnews/article/277/0005521909
"키움증권, 내년 '종합금융팀' 신설…국내 6번째 '초대형IB' 도전",키움증권이 국내 6번째 초대형 IB(투자은행)사로 도약하기 위한 행보를 본격화하고 있다. 지난 2022년 종합금융투자사업자(종투사) 인.. 뉴시스 | 2024-12-23 10:46:02,뉴시스,2024-12-23 10:46:02,https://n.news.naver.com/mnews/article/003/0012976634
"MBK ""두산공작기계, 중국과 매각 협의 없었다""···최윤범 측에 반박","고려아연 중국에 매각하는 일 없을 것"" MBK파트너스(MBK)가 자사가 과거 두산공작기계(현 DN솔루션즈)를 중국에 매각하려고 했다는 .. 더팩트 | 2024-12-23 10:40:20",더팩트,2024-12-23 10:40:20,https://n.news.naver.com/mnews/article/629/0000350280
"""AI 반도체 다크호스""…올해만 100% 폭등",반도체 대장주 엔비디아를 제치고 인공지능(AI) 반도체 업계의 다크호스로 급부상하고 있는 기업이 있어 화제다. 22일(현지시간) 비즈니.. 한국경제TV | 2024-12-23 10:31:01,한국경제TV,2024-12-23 10:31:01,https://n.news.naver.com/mnews/article/215/0001192747
비트코인 하락세 여전…美 금리 인하 영향,비트코인이 미국의 금리 인하 영향 등으로 1억4400만원대까지 밀려나면서 연일 하락세를 보이고 있다. 고점 대비 10% 가까이 하락한 .. 이코노미스트 | 2024-12-23 10:30:08,이코노미스트,2024-12-23 10:30:08,https://n.news.naver.com/mnews/article/243/0000070100
"나이벡, 염증·섬유화 억제 펩타이드 기술 특허등록",펩타이드 융합 바이오 전문기업 나이벡(138610)이 세포의 섬유화 예방과 이를 치료할 수 있는 펩타이드 기술에 대한 특허를 등록했다고.. 이데일리 | 2024-12-23 10:19:11,이데일리,2024-12-23 10:19:11,https://n.news.naver.com/mnews/article/018/0005911520
"삼천당제약, 독일기업과 '美 독점판매' 계약 소식에 상한가[핫종목]",삼천당제약(000250)이 독일 기업과 아일리아(Eylea) 바이오시밀러 후보 물질을 미국과 중남미 국가에 독점 판매하는 계약을 체결했.. 뉴스1 | 2024-12-23 10:17:32,뉴스1,2024-12-23 10:17:32,https://n.news.naver.com/mnews/article/421/0007982100
"2420선 되찾은 코스피, 반등 시도…외인·기관 '사자'","코스피가 외국인과 기관 동반 순매수세에 힘입어 3거래일 만에 반등, 2420선으로 올라섰다. 23일 코스피는 오전 10시10분 현재 전.. 뉴시스 | 2024-12-23 10:14:16",뉴시스,2024-12-23 10:14:16,https://n.news.naver.com/mnews/article/003/0012976508
"“시총 1조 가나”···넷플릭스와 손잡은 SBS, 증권가 목표가 줄상향에 상한가 [투자360]","“이제 드디어 넷플릭스에서 그알, 꼬꼬무 볼 수 있나요” SBS가 넷플릭스와 콘텐츠 공급 계약을 맺었다는 소식에 시청자들은 기다렸다는 .. 헤럴드경제 | 2024-12-23 10:06:14",헤럴드경제,2024-12-23 10:06:14,https://n.news.naver.com/mnews/article/016/0002406224
"알멕, 美리비안-루시드 대규모 사업 수주·관세 이점[e종목돋보기]","지난 20일(현지시간) 뉴욕 증시에서 미국 전기차업체 루시드와 리비안이 각각 14.83%, 5.9% 상승했다. 이 가운데 두 기업의 공.. 이데일리 | 2024-12-23 10:02:13",이데일리,2024-12-23 10:02:13,https://n.news.naver.com/mnews/article/018/0005911501
금융위기 이후 사상 최고로 치솟은 환율…달러 강세 정통으로 맞았다,연초 이후 원화 가치 12% 하락 원화 약세 흐름 깰 반등 재료 마땅치 않아 국내 투자자는 미국行…달러 약세 베팅도 [연합] [헤럴드경.. 헤럴드경제 | 2024-12-23 09:54:08,헤럴드경제,2024-12-23 09:54:08,https://n.news.naver.com/mnews/article/016/0002406197
"“美 인플레 우려 덜었다” 코스피, 장초반 2410대 오름세…외국인·기관도 ‘사자’ [투자360]","23일 오전 서울 중구 하나은행 본점 딜링룸 현황판에 코스피, 원/달러 환율, 코스닥 지수가 표시돼 있다. [연합] 미국 인플레이션 우.. 헤럴드경제 | 2024-12-23 09:53:11",헤럴드경제,2024-12-23 09:53:11,https://n.news.naver.com/mnews/article/016/0002406196
‘올해의 드라마 배우’ 1위 ‘이 배우’가 화룡점정…“내년 기대작에 목표가 16%↑” [투자360],배우 김태리가 지난 21일 열린 ‘2024 SBS 연기대상’에서 시상자로 나서 실수를 한 후 크게 놀라고 있다. 김태리는 “올해 MBC.. 헤럴드경제 | 2024-12-23 09:49:11,헤럴드경제,2024-12-23 09:49:11,https://n.news.naver.com/mnews/article/016/0002406190
"MBK파트너스 “DN솔루션즈, 중국 회사와 매각 협의 진행한 적 없어”",MBK파트너스가 과거 두산공작기계(현 DN솔루션즈)를 중국에 매각하려 했다는 최윤범 고려아연 회장 측 주장을 반박하고 나섰다. MBK파.. 조선비즈 | 2024-12-23 09:48:10,조선비즈,2024-12-23 09:48:10,https://n.news.naver.com/mnews/article/366/0001042146
"코스피, 2420선 거래 상승폭 '확대'… 외국인·기관 '사자'",코스피가 23일 장 초반 23일 상승 출발하며 2420선을 나타내고 있다. 이탈했던 외국인 투자자들도 순매수로 전환했다. 이날 오전 9.. 머니S | 2024-12-23 09:47:08,머니S,2024-12-23 09:47:08,https://n.news.naver.com/mnews/article/417/0001047108
美 선박법 발의 소식에 韓 조선업 강세…한화오션 4% 상승[핫종목],미국 선박법(SHIPS Act) 발의에 따른 수혜 기대감에 국내 조선주 전반이 강세를 보이고 있다. 한국거래소에 따르면 23일 오전 9.. 뉴스1 | 2024-12-23 09:45:10,뉴스1,2024-12-23 09:45:10,https://n.news.naver.com/mnews/article/421/0007982004
"""또 이사가야 하나"" 홍준표 의미심장 발언…테마주 급등",차기 대권에 도전하겠다는 의지를 내비친 홍준표 대구시장이 또 한 차례 이를 공식화하는 듯하는 메시지를 남겨 화제다. 홍 시장 테마주는 .. 한국경제 | 2024-12-23 09:44:19,한국경제,2024-12-23 09:44:19,https://n.news.naver.com/mnews/article/015/0005073432
"MBK ""두산공작기계, 중국 관심에도 매각 안 해"" 반박","MBK파트너스는 23일 과거 두산공작기계(현 DN솔루션즈)를 중국에 매각하려 한 적 없었다고 해명했다. MBK는 이날 입장문을 내고 "".. 뉴스1 | 2024-12-23 09:44:17",뉴스1,2024-12-23 09:44:17,https://n.news.naver.com/mnews/article/421/0007982003
"나이벡, 염증·섬유화 억제 펩타이드 기술 특허등록",펩타이드 융합 바이오 전문기업 나이벡이 세포의 섬유화 예방과 이를 치료할 수 있는 펩타이드 기술에 대한 특허를 등록했다고 23일 밝혔다.. 아시아경제 | 2024-12-23 09:42:30,아시아경제,2024-12-23 09:42:30,https://n.news.naver.com/mnews/article/277/0005521826
정용진 회장 트럼프 만나자 신세계I&C ‘상한가’…신세계 그룹株도 ‘불기둥’ [투자360],미국에서 도널드 트럼프 미 대통령 당선인을 만난 정용진 신세계그룹 회장이 22일 인천국제공항 제2여객터미널을 통해 귀국해 취재진 질문에.. 헤럴드경제 | 2024-12-23 09:36:18,헤럴드경제,2024-12-23 09:36:18,https://n.news.naver.com/mnews/article/016/0002406176
"코스피 장 초반 2,410대서 강보합…외국인·기관 '사자'(종합)","2,420대 출발 후 상승 폭 일부 반납…코스닥 0.5% 상승 트럼프 회동에 신세계 그룹주 강세…삼전·SK하이닉스도 올라 코스피가 23.. 연합뉴스 | 2024-12-23 09:32:59",연합뉴스,2024-12-23 09:32:59,https://n.news.naver.com/mnews/article/001/0015120642
"취임 2년 서유석 금투협회장, 유동성 지원부터 갈길 먼 디딤펀드까지",서유석 금융투자협회장이 다음 달 2일로 취임 2년을 맞는다. 임기 3년 중 3분의 2가 지나간 셈이다. 서 회장은 자산운용사 최고경영자.. 비즈워치 | 2024-12-23 09:30:07,비즈워치,2024-12-23 09:30:07,https://n.news.naver.com/mnews/article/648/0000031791
"‘中 매각’ 해명 나선 MBK…“두산공작기계, 中 기업과 협의 없었다”",MBK파트너스가 2021년 두산공작기계(현 DN솔루션즈)를 중국 기업에 매각하려고 시도했다는 의혹에 대해 “정부와의 사전 협의에 따라 .. 이데일리 | 2024-12-23 09:27:11,이데일리,2024-12-23 09:27:11,https://n.news.naver.com/mnews/article/018/0005911435
"FOMC 충격 소화한 코스피, 외인·기관 매수에 '상승 출발'",국내 증시가 크리스마스 휴장일을 이틀 앞두고 강세를 보인다. 외국인과 기관이 순매수로 지수를 밀어올리는 중이다. 23일 오전 9시 17.. 머니투데이 | 2024-12-23 09:24:17,머니투데이,2024-12-23 09:24:17,https://n.news.naver.com/mnews/article/008/0005132144
"[단독] 키움증권, 내년 '제6호 초대형 IB' 인가 신청… '종합금융팀' 신설",키움증권이 내년 6호 초대형 IB(투자은행)에 본격적으로 도전한다. 지난 6월 말 기준 별도기준 자기자본은 4조6347억8260만원으로.. 머니S | 2024-12-23 09:23:15,머니S,2024-12-23 09:23:15,https://n.news.naver.com/mnews/article/417/0001047084
"SBS, 넷플릭스와 콘텐츠 공급 계약 소식에 2일째 '上'",SBS 주가가 2거래일 연속 상한가를 기록 중이다. SBS가 자사 영상 콘텐츠를 넷플릭스에 공급한다는 소식 이후 긍정적 투자심리가 형성.. 한국경제 | 2024-12-23 09:21:20,한국경제,2024-12-23 09:21:20,https://n.news.naver.com/mnews/article/015/0005073415
트럼프 처음 만난 韓기업인 '정용진'…신세계그룹株 강세[핫종목],정용진 신세계그룹 회장이 미국 대선 이후 한국 기업인 중 최초로 도널드 트럼프 미국 대통령 당선인과 대면하면서 신세계그룹 주가가 강세다.. 뉴스1 | 2024-12-23 09:18:38,뉴스1,2024-12-23 09:18:38,https://n.news.naver.com/mnews/article/421/0007981905
上→上→20% 급등…양자컴퓨터가 뭐길래 관련주 '들썩',양자컴퓨터 관련주가 연일 상승 중이다. 구글이 양자컴퓨터를 개발했다는 소식이 전해진 후 국내 증시에서 관련주들이 주목받고 있다. 23일.. 머니투데이 | 2024-12-23 09:12:48,머니투데이,2024-12-23 09:12:48,https://n.news.naver.com/mnews/article/008/0005132138
"코스피, 뉴욕·환율 안도에 상승 출발…2423.36 개장",코스피 지수가 23일 1450원 아래로 내려온 원·달러 환율과 지난주 뉴욕증시의 '안도 랠리'에 상승 출발했다. 한국거래소에 따르면 이.. 디지털타임스 | 2024-12-23 09:09:07,디지털타임스,2024-12-23 09:09:07,https://n.news.naver.com/mnews/article/029/0002924636
"상상인證 “씨에스윈드, 내년 덴마크 법인 실적 불확실성… 목표가 하향”",상상인증권은 23일 씨에스윈드에 대해 부족한 하부구조물 잔고 및 북미 설치량 둔화로 인해 내년 역성장이 가능하다고 분석했다. 그러면서 .. 조선비즈 | 2024-12-23 09:00:13,조선비즈,2024-12-23 09:00:13,https://n.news.naver.com/mnews/article/366/0001042106
"이베이, G마켓 소수지분 20% 매각 추진[마켓인]",미국 이커머스 플랫폼 이베이가 보유 중이던 G마켓 지분 20% 매각을 추진한다. 3년 전 신세계가 G마켓 지분 80%를 약 3조5600.. 이데일리 | 2024-12-23 08:56:14,이데일리,2024-12-23 08:56:14,https://n.news.naver.com/mnews/article/018/0005911390
"스포티파이 경영진, 올해 주가 급등에 1.8조원어치 현금화",세계 최대 음원 스트리밍업체 스포티파이의 임원진들이 올해 주가 급등에 보유 주식을 대량 매도했다. 총 1조 8000억원어치가 넘는 주식.. 이데일리 | 2024-12-23 08:56:12,이데일리,2024-12-23 08:56:12,https://n.news.naver.com/mnews/article/018/0005911389
"“외국인, 삼성전자 빼면 韓증시서 12조 샀다… 내년 시장 비관적으로 보지 말아야”","신영증권 분석 “외인, 삼전 빼고 한국 주식 안 판다” 코스피 지수가 반년째 하락세를 이어가고 있지만, 내년 시장을 비관적으로 전망할 .. 조선비즈 | 2024-12-23 08:55:12",조선비즈,2024-12-23 08:55:12,https://n.news.naver.com/mnews/article/366/0001042103
"""씨에스윈드, 주가 낙폭 과해…美 AMPC 유지 가능성↑""-대신",유진투자증권은 23일 씨에스윈드에 대해 미국 첨단제조세액공제(AMPC) 폐지 등 최악의 상황을 고려해도 주가가 과하게 하락했다고 분석했.. 한국경제 | 2024-12-23 08:53:13,한국경제,2024-12-23 08:53:13,https://n.news.naver.com/mnews/article/015/0005073391
"NH투자證 ""금, 내년에도 강세""",NH투자증권이 내년에는 금 값이 더 오를 것으로 전망했다. 황병진 NH투자증권 연구원은 23일 보고서를 통해 “올해 들어 온스당 280.. 서울경제 | 2024-12-23 08:50:18,서울경제,2024-12-23 08:50:18,https://n.news.naver.com/mnews/article/011/0004431091
"미래에셋증권 ""ISA 만기 자금, 연금으로 환승 가속…세제 혜택 효과""",미래에셋증권 개인종합자산관리계좌(ISA) 만기 고객들의 연금 전환 흐름이 가속화하고 있다. 최대 198만 원의 추가 세액공제 혜택을 누.. 뉴스1 | 2024-12-23 08:49:13,뉴스1,2024-12-23 08:49:13,https://n.news.naver.com/mnews/article/421/0007981835
"금호건설, 점진적인 주가 상승 기대…""실적 정상화 시작""-교보","교보증권이 금호건설에 대해 점진적인 주가 상승이 기대된다고 분석했다. 올해 연간 영업이익 적자가 불가피하겠지만, 4분기를 시작으로 실적.. 머니투데이 | 2024-12-23 08:48:06",머니투데이,2024-12-23 08:48:06,https://n.news.naver.com/mnews/article/008/0005132114
"상상인證 ""파인엠텍, 2025년 폴더블 생태계 확장 수혜주""",상상인증권은 23일 파인엠텍에 대해 올해 폴더블 스마트폰 시장 정체로 실적이 둔화됐으나 내년 폴더블 생태계 확장 기대감으로 수혜가 기대.. 파이낸셜뉴스 | 2024-12-23 08:47:12,파이낸셜뉴스,2024-12-23 08:47:12,https://n.news.naver.com/mnews/article/014/0005285901
"산타랠리 패싱…눈물 나는 한국 증시, 줍줍 기회?",국내 증시가 연말에도 부진한 흐름을 이어간다. 과거와 다르게 '산타 랠리'를 기대하기에는 분위기가 좋지 않다는 평이 나온다. 그럼에도 .. 머니투데이 | 2024-12-23 08:38:22,머니투데이,2024-12-23 08:38:22,https://n.news.naver.com/mnews/article/008/0005132110
"GS리테일, 분할 후 재상장…본사업 과소평가 해소 전망-하나",하나증권은 23일 GS리테일(007070)에 대해 분할 후 본사업의 과소평가가 소멸하고 호텔 부문이 재평가될 것이라고 전망했다. 투자의.. 이데일리 | 2024-12-23 08:34:21,이데일리,2024-12-23 08:34:21,https://n.news.naver.com/mnews/article/018/0005911365
한산한 연말 속 수급 공방…환율 1440원대 고점 다지기[외환브리핑],원·달러 환율은 1440원대의 고점을 지속할 것으로 전망된다. 본격적인 연말 장세가 시작되면서 거래량은 한산할 것으로 예상된다. 이에 .. 이데일리 | 2024-12-23 08:34:19,이데일리,2024-12-23 08:34:19,https://n.news.naver.com/mnews/article/018/0005911364
FOMC발 후폭풍 가라앉을까…미국채 금리는 상승세 멈춰[채권브리핑],23일 국내 국고채 시장은 미 정책금리 기대 조정 등을 반영하며 약보합세(금리 상승)로 출발할 것으로 예상된다. 채권 금리와 가격은 반.. 이데일리 | 2024-12-23 08:34:15,이데일리,2024-12-23 08:34:15,https://n.news.naver.com/mnews/article/018/0005911362
‘매파’ 연준에 한 방 먹은 美 증시…‘저가’ 매력이 ‘산타랠리’ 부를까 [글로벌 마켓레이더],"12월 셋째 주(16~20일), 美 증시 3대 지수 일제히 ‘뚝’ 美 연준 내년 금리 인하 ‘속도 조절’ 충격 여파 “이번 주~새해 첫.. 헤럴드경제 | 2024-12-23 08:34:15",헤럴드경제,2024-12-23 08:34:15,https://n.news.naver.com/mnews/article/016/0002406122
美안도랠리에도…코스피는 환율·수급 부담[굿모닝 증시],지난주 뉴욕증시가 예상보다 낮은 미국 인플레이션 지표에 안도랠리를 펼친 가운데 23일 국내 증시 투자자들은 지난주에 이어 신중한 접근이.. 아시아경제 | 2024-12-23 08:33:57,아시아경제,2024-12-23 08:33:57,https://n.news.naver.com/mnews/article/277/0005521743
美 인플레 우려 완화...국내 증시 훈풍 불까,주말 동안 미국 인플레이션 우려가 완화되고 셧다운 위기도 해소된 가운데 23일 국내 증시가 반등할 수 있을지 주목된다. 지난 20일 코.. 한국경제TV | 2024-12-23 08:31:26,한국경제TV,2024-12-23 08:31:26,https://n.news.naver.com/mnews/article/215/0001192712
한국 증시에 등 돌린 투자자들…올 코스피 회전율 ‘역대 최저’ [투자360],"올해 코스피 年 상장주식 회전율 187.05% 코스피 月 시총 회전율, 9·10월엔 한 자리 12월 개인 月 거래액 11.6조…美 등으.. 헤럴드경제 | 2024-12-23 08:26:16",헤럴드경제,2024-12-23 08:26:16,https://n.news.naver.com/mnews/article/016/0002406116
"""조선주, 美선박법에 수주 늘고 인센티브 전망""-한국","한국투자증권은 23일 '미국의 번영·안보를 위한 조선업과 항만시설법(SHIPS for America Act)'에 대해 ""국내 조선업은 .. 한국경제 | 2024-12-23 08:23:12",한국경제,2024-12-23 08:23:12,https://n.news.naver.com/mnews/article/015/0005073383
"""넷플릭스와의 역대급 계약…SBS 목표주가 2배↑""","SBS가 넷플릭스와의 역대급 계약으로 시가총액 1조원에 도달할 수 있다는 전망이 나왔다. 이기훈 하나증권 연구원은 23일 보고서에서 "".. 디지털타임스 | 2024-12-23 08:23:07",디지털타임스,2024-12-23 08:23:07,https://n.news.naver.com/mnews/article/029/0002924623
"우리은행 ""달러·원 환율, 수급 싸움 속 1440원 초중반 하락 시도""",우리은행은 23일 달러·원 환율이 1440원대 초중반 하락을 시도할 것으로 관측했다. 당국 개입 경계와 수출업체의 네고(달러 매도) 물.. 뉴스1 | 2024-12-23 08:22:46,뉴스1,2024-12-23 08:22:46,https://n.news.naver.com/mnews/article/421/0007981782
"코스피, 산타는 없지만…""다 팔고 도망가기보단 더 사길""","코스피지수가 재료상 공백기에 있어 '산타 랠리'를 기대하기는 어렵지만, 손익비(손실 대비 이익 비율)가 유리한 만큼 '투매'보다는 비중.. 한국경제 | 2024-12-23 08:19:15",한국경제,2024-12-23 08:19:15,https://n.news.naver.com/mnews/article/015/0005073382
"이노션, 4Q 실적 약세에도 하방 경직성 매력적-현대차",현대차증권은 23일 이노션(214320)에 대해 4분기 실적 약세가 예상되나 하방 경직성은 매력적이라며 투자의견 ‘매수’와 목표주가 2.. 이데일리 | 2024-12-23 08:13:10,이데일리,2024-12-23 08:13:10,https://n.news.naver.com/mnews/article/018/0005911353
"지아이이노베이션, 면역항암제 SC 피하주사 첫 환자 투약 완료","혁신신약개발기업 지아이이노베이션이 지난 17일 면역항암제 'GI-102' 피하주사(subcutaneous injection, 이하 SC.. 파이낸셜뉴스 | 2024-12-23 08:08:15",파이낸셜뉴스,2024-12-23 08:08:15,https://n.news.naver.com/mnews/article/014/0005285887
"美 AMPC 유지 가능성↑…씨에스윈드, 주가 하락 과도-유진",도널드 트럼프 미국 대통령 당선인 인수위가 그린산업 공장 가동업체들이 수령하는 AMPC(세액공제) 폐지를 권고하지 않기로 한 만큼 클린.. 이데일리 | 2024-12-23 08:08:14,이데일리,2024-12-23 08:08:14,https://n.news.naver.com/mnews/article/018/0005911352
美 인플레·셧다운 우려 완화에…코스피 반등할까[마켓뷰],"뉴욕증시, 예상치 밑돈 PCE 물가 지수에 일제히 상승 코스피, 기술적 반등 기대…삼전 보조금 삭감 여파 등은 주시해야 23일 국내 증.. 연합뉴스 | 2024-12-23 08:06:27",연합뉴스,2024-12-23 08:06:27,https://n.news.naver.com/mnews/article/001/0015120457
"금값 상승세 주춤했는데…""내년 더 오른다""-NH",올해 내내 상승세를 보였던 금값이 최근 박스권에 머물고 있다. 금을 팔아야할지 사야할지 투자자들 사이에서 고심이 커지는 가운데 NH투자.. 머니투데이 | 2024-12-23 08:06:22,머니투데이,2024-12-23 08:06:22,https://n.news.naver.com/mnews/article/008/0005132093
"고영, 트럼프 시대 뇌수술로봇 수혜…美매출 성장 기대 -iM",iM증권이 고영(098460)에 대해 트럼프 시대 뇌수술 로봇 및 인공지능(AI) 솔루션 수혜가 가속화할 것으로 전망했다. 투자의견 ‘.. 이데일리 | 2024-12-23 08:06:12,이데일리,2024-12-23 08:06:12,https://n.news.naver.com/mnews/article/018/0005911349
"""금값 단기 조정…저가매수 활용 기회""[클릭 e종목]",미국 연방준비제도(Fed)의 내년 기준 금리 인하 예상 폭이 50bp(1bp=0.01%포인트)까지 축소돼 단기 금 가격 변동성을 키운 .. 아시아경제 | 2024-12-23 08:02:06,아시아경제,2024-12-23 08:02:06,https://n.news.naver.com/mnews/article/277/0005521709
출렁인 증시 속 고군분투…더퍼스트반포는 '플러스'[스타워즈],'2024 한경스타워즈 실전투자대회(하반기)' 12주차가 마무리됐다. 국내 증시가 부진한 흐름을 이어가는 가운데 참가자들의 성적도 저조.. 한국경제 | 2024-12-23 08:01:16,한국경제,2024-12-23 08:01:16,https://n.news.naver.com/mnews/article/015/0005073378
“韓 산타랠리 기대 낮지만 악재 선반영…비중 확대 유효 시점”,미국 통화정책 등 매크로(거시경제)와 관련한 악재가 국내 증시에 선반영됨에 따라 이번 주 국내 증시에서 보유 비중을 확대하는 전략이 유.. 이데일리 | 2024-12-23 08:01:12,이데일리,2024-12-23 08:01:12,https://n.news.naver.com/mnews/article/018/0005911345
FOMC 충격 벗어난 美증시…트럼프·정용진 '깜짝만남' [뉴스새벽배송],매파적이었던 연방공개시장위원회(FOMC) 충격에서 뉴욕증시가 빠르게 벗어나 반등에 성공했다. 도널드 트럼프 미국 대통령 당선인은 우크라.. 이데일리 | 2024-12-23 07:58:10,이데일리,2024-12-23 07:58:10,https://n.news.naver.com/mnews/article/018/0005911343
"""현대제철, 4분기 실적 시장 기대 밑돌 듯…목표가↓""-신한","신한투자증권은 23일 현대제철에 대해 ""올해 4분기 실적이 시장 컨센서스(증권사 추정치 평균)를 밑돌 것""이라며 목표주가를 기존 2만9.. 한국경제 | 2024-12-23 07:57:12",한국경제,2024-12-23 07:57:12,https://n.news.naver.com/mnews/article/015/0005073375
"그린스틸 전환 가속화...""좌초자산 대응 중요한 시점""-KB증권",세계 최대 광산기업들이 호주에서 대규모 전기제철로 시범공장 건설을 발표하면서 그린스틸 전환이 가속화되고 있어 좌초자산 인식도 빨라질 수.. 이데일리 | 2024-12-23 07:52:12,이데일리,2024-12-23 07:52:12,https://n.news.naver.com/mnews/article/018/0005911342
"에코프로머티, 내년 2분기부터 본격적인 실적 개선세 기대 -NH",NH투자증권이 에코프로머티(450080)에 대해 2025년 2분기부터 본격적인 실적 개선이 나타날 것으로 전망했다. 투자의견과 목표주가.. 이데일리 | 2024-12-23 07:51:07,이데일리,2024-12-23 07:51:07,https://n.news.naver.com/mnews/article/018/0005911341
"삼양식품, 급등에도 업사이드 충분…목표가↑-신한",신한투자증권은 23일 삼양식품(003230)에 대해 최근 급등에도 업사이드는 충분하다며 목표주가를 72만원에서 86만원으로 19.4% .. 이데일리 | 2024-12-23 07:50:09,이데일리,2024-12-23 07:50:09,https://n.news.naver.com/mnews/article/018/0005911340
"SBS, 넷플과 '역대급 계약'에 목표가 줄상향…""시총 1조 간다"" [종목+]",SBS가 글로벌 온라인동영상서비스(OTT) 1위 넷플릭스와 콘텐츠 공급계약 체결 소식을 공표한 가운데 23일 증권가에서 줄이어 낙관적인.. 한국경제 | 2024-12-23 07:48:17,한국경제,2024-12-23 07:48:17,https://n.news.naver.com/mnews/article/015/0005073372
"“스튜디오드래곤, 내년 김은숙·김은희 작가 출격”…목표가↑",대신증권은 23일 스튜디오드래곤에 대해 4분기 흑자 전환에 이어 내년도 TV 회복이 기대된다며 목표주가를 기존 5만5000원에서 6만4.. 매일경제 | 2024-12-23 07:48:17,매일경제,2024-12-23 07:48:17,https://n.news.naver.com/mnews/article/009/0005418031
"""미국이냐 非미국이냐""…서학·중학개미 중 여의도가 찍은 승자 [2025 재테크]",다사다난했던 2024년 갑진년(甲辰年)이 저물어가면서 여의도 증권가에서는 2025년 을사년(乙巳年) 재테크 전망을 점치기 바쁩니다. 내.. 한국경제 | 2024-12-23 07:47:08,한국경제,2024-12-23 07:47:08,https://n.news.naver.com/mnews/article/015/0005073371
트럼프2.0 유가 하향 안정화…한국 석화사 숨통 트일 듯-하나,도널드 트럼프 미국 대통령 당선인의 재선으로 한국 석유화학 업체들의 수익성이 개선될 것이라는 전망이 나왔다. 트럼프의 원유·가스 생산 .. 이데일리 | 2024-12-23 07:46:12,이데일리,2024-12-23 07:46:12,https://n.news.naver.com/mnews/article/018/0005911339
“코스피 기술적 반등 국면 진입 예상…반도체·자동차 등 주목”,"미국 11월 개인소비지출(PCE) 물가 지수가 예상을 하회하며 통화 정책에 대한 불안 심리가 완화하고, 미국 임시 예산안이 의회 통과로.. 이데일리 | 2024-12-23 07:45:09",이데일리,2024-12-23 07:45:09,https://n.news.naver.com/mnews/article/018/0005911338
젠슨 황 8년만의 기조연설…2주 앞으로 다가온 세계최대 기술향연 ‘CES 2025’,기조연설·혁신상으로 미리 살펴본 ‘CES 2025’ 트렌드 160개국 4500여개 업체 참가 주제 ‘다이브 인(Dive in)’…AI .. 헤럴드경제 | 2024-12-23 07:43:09,헤럴드경제,2024-12-23 07:43:09,https://n.news.naver.com/mnews/article/016/0002406091
"SBS, 목표주가 100% 상향…""넷플릭스 콘텐츠 공급 호재"" -하나",하나증권이 최근 넷플릭스와의 콘텐츠 공급 계약을 체결한 SBS(034120)에 대해 6년간 1조원 이상 규모의 투자계약으로 추정된다고 .. 이데일리 | 2024-12-23 07:42:14,이데일리,2024-12-23 07:42:14,https://n.news.naver.com/mnews/article/018/0005911337
"""삼양식품, 해외 모멘텀 확대 구간…목표가↑""[클릭 e종목]",신한투자증권은 23일 삼양식품에 대해 해외 모멘텀 확대로 높은 성장성이 지속될 것으로 보고 목표주가를 기존 72만원에서 86만원으로 상.. 아시아경제 | 2024-12-23 07:40:01,아시아경제,2024-12-23 07:40:01,https://n.news.naver.com/mnews/article/277/0005521693
"""게임주, 강달러 수혜…4분기 순익 개선 전망""-하나","하나증권은 23일 ""글로벌 매출 비중이 높고 인력은 국내에 있어 비용을 원화로 지급하는 게임사가 강달러 국면에서 수혜를 볼 것""이라고 .. 한국경제 | 2024-12-23 07:35:12",한국경제,2024-12-23 07:35:12,https://n.news.naver.com/mnews/article/015/0005073368
"""SBS, 넷플릭스와 역대급 계약…목표가 ↑""[클릭 e종목]",하나증권은 23일 SBS에 대해 넷플릭스와 역대급 계약을 체결하면서 2027년 내 영업이익 1000억원을 기록할 것으로 내다봤다. 이에.. 아시아경제 | 2024-12-23 07:31:06,아시아경제,2024-12-23 07:31:06,https://n.news.naver.com/mnews/article/277/0005521690
"씨에스윈드, 북미 풍력시장 전망치 하향…목표주가 ‘하향’-상상인",상상인증권은 23일 씨에스윈드에 대해 투자의견 ‘매수(BUY)’를 유지하고 목표주가를 6만5000원으로 하향 조정했다. 김광식 상상인증.. 이데일리 | 2024-12-23 07:27:07,이데일리,2024-12-23 07:27:07,https://n.news.naver.com/mnews/article/018/0005911332
전세계 주택난 심화 [원자재 & ETF 뉴스],"지난 금요일, 원자재 마감 시황도 살펴보겠습니다. 국제유가부터 확인해 보겠습니다. 미국의 11월 개인소비지출 PCE 가격 지수가 전년비.. 한국경제TV | 2024-12-23 07:17:18",한국경제TV,2024-12-23 07:17:18,https://n.news.naver.com/mnews/article/215/0001192704
"SBS, 목표주가 2만→4만-하나",하나증권은 23일 SBS의 목표주가를 2만원에서 4만원으로 높였다. 4만원대 전망 복귀는 2023년 7월 4만1000원 이후 처음이다... 파이낸셜뉴스 | 2024-12-23 07:12:14,파이낸셜뉴스,2024-12-23 07:12:14,https://n.news.naver.com/mnews/article/014/0005285876
11월 주식 발행 전월比 37% ‘뚝’…대형 IPO 감소 탓 [투자360],"회사채도 17% 감소 코스피가 장중 2,400선이 붕괴된 20일 오후 서울 중구 하나은행 딜링룸 현황판에 코스피 종가가 표시돼있다. 한.. 헤럴드경제 | 2024-12-23 07:04:11",헤럴드경제,2024-12-23 07:04:11,https://n.news.naver.com/mnews/article/016/0002406084
'올 마지막 상장' 파인메딕스…IPO 한파 뚫어낼까[이번주 증시 캘린더],대내외 불확실성으로 국내 증시가 부진에서 좀체 헤어나오지 못하고 있는 가운데 소화기 내시경 시술 기구 전문 기업 파인메딕스 코스닥 상장.. 서울경제 | 2024-12-23 07:01:09,서울경제,2024-12-23 07:01:09,https://n.news.naver.com/mnews/article/011/0004431052
"김성환 한투증권 대표, 글로벌 IB 도약 발판 ‘마련’…선진시장 공략 ‘박차’",한국투자증권이 올해 해외사업 네트워크 구축과 다수의 신규 딜 체결을 일궈내며 글로벌 투자은행(IB)으로 도약할 발판을 마련했단 평가가 .. 데일리안 | 2024-12-23 07:00:12,데일리안,2024-12-23 07:00:12,https://n.news.naver.com/mnews/article/119/0002906812
밸류업지수 리밸런싱 약발 ‘미미’...투심 개선 언제쯤,최근 코리아 밸류업 지수의 리밸런싱(재조정)을 통해 5개 종목이 지수에 뒤늦게 합류했지만 좀처럼 약발이 들지 않는 양상이다. 당초 지수.. 데일리안 | 2024-12-23 07:00:09,데일리안,2024-12-23 07:00:09,https://n.news.naver.com/mnews/article/119/0002906811
"'럭비공' 정치 테마주, 하루 아침에 급락 돌변",'12·3 비상계엄' 사태 이후 국내 주식시장에서 수많은 정치 테마주가 급등락을 반복하고 있다. 최근에는 우원식 국회의장 테마주가 새롭.. 아시아경제 | 2024-12-23 07:00:00,아시아경제,2024-12-23 07:00:00,https://n.news.naver.com/mnews/article/277/0005521678
"정부, 국민연금 퇴직연금 운용에 반대…""사회적 위험 크다""",국민연금공단이 퇴직연금을 유치해 운용·관리하도록 허용하는 법안이 발의됐지만 정부가 반대하는 입장으로 정리한 것으로 확인됐다. 퇴직연금 .. 서울경제 | 2024-12-23 06:56:09,서울경제,2024-12-23 06:56:09,https://n.news.naver.com/mnews/article/011/0004431050
탄핵發 고환율에 연말 효과 무색…금융주ETF '눈물',연말마다 고배당 매력을 앞세워 주가를 방어했던 금융주 상장지수펀드(ETF)들이 비상계엄 사태와 미국 금리인하 속도 조절에 따른 주주환원.. 서울경제 | 2024-12-23 06:51:11,서울경제,2024-12-23 06:51:11,https://n.news.naver.com/mnews/article/011/0004431049
범용 다음에는 맞춤형…AI 반도체 ETF 질주 '브로드컴'이 이끈다,미국 경제 호조로 내년에도 인공지능(AI) 기술주 중심의 상승 랠리가 펼쳐질 것이란 전망이 힘을 얻는 가운데 엔비디아 독주 체제에 균열.. 서울경제 | 2024-12-23 06:46:13,서울경제,2024-12-23 06:46:13,https://n.news.naver.com/mnews/article/011/0004431047
"""1년 새 2배 불어난 서학개미 잡아라""…키움도 미국 현지 법인 세운다",미국 주식에 투자하는 서학개미가 급증하면서 국내 증권사들이 미국 진출에 열을 올리고 있는 가운데 '리테일 최강자'로 꼽히는 키움증권(0.. 뉴스1 | 2024-12-23 06:40:00,뉴스1,2024-12-23 06:40:00,https://n.news.naver.com/mnews/article/421/0007981692
"트럼프 백악관 복귀부터, 기후플레이션까지[글로벌 10대 뉴스]",2024년은 미국의 대통령 선거를 비롯해 74개국이 크고 작은 선거를 치른 ‘슈퍼 선거의 해’로 정치적 변화가 상당히 많았다. 특히 지.. 이데일리 | 2024-12-23 06:33:11,이데일리,2024-12-23 06:33:11,https://n.news.naver.com/mnews/article/018/0005911324
"""고점 대비 반토막""…한화인더, 주가 반등은 언제나 [종목+]",한화인더스트리얼솔루션즈 주가가 내리막길을 걷고 있다. 자회사 한화정밀기계가 특허 소송에 휘말리면서다. 한미반도체는 한화정밀기계의 TC .. 한국경제 | 2024-12-23 06:31:11,한국경제,2024-12-23 06:31:11,https://n.news.naver.com/mnews/article/015/0005073359
"고금리·고환율에 발목 잡힌 국내 증시…""변동 주의해야""[이번주 증시 전망]",국내 주요 증권사들이 고금리·고환율이라는 겹악재를 맞닥뜨린 국내 증시가 이번 주 미국 크리스마스 휴장(24~25일) 기간 관망세를 보일.. 서울경제 | 2024-12-23 06:31:09,서울경제,2024-12-23 06:31:09,https://n.news.naver.com/mnews/article/011/0004431045
'탄핵안 표결·FOMC' 코스피 흔들었다…지난주 외국인 2.3조 순매도,윤석열 대통령 탄핵소추안 통과 이후 코스피는 3.6%가량 하락했다. 증권가는 이보다 더 떨어지면 '분할 매수'로 접근할 만하다고 내다봤.. 뉴스1 | 2024-12-23 06:30:00,뉴스1,2024-12-23 06:30:00,https://n.news.naver.com/mnews/article/421/0007981687
'세계 꼴찌' 韓 증시…증시 버팀목 개미도 떠났다[2024 핫종목 결산]①,올해 한국 증시 투자자는 '고난의 시간'을 보냈다. 밸류업 기대감에 '삼천피'를 꿈꾸던 코스피는 급락장이 반복되며 2400선 지키기도 .. 뉴스1 | 2024-12-23 06:10:00,뉴스1,2024-12-23 06:10:00,https://n.news.naver.com/mnews/article/421/0007981680
"유일에너테크, 2회차 CB 전환가액 최저로…""오버행 우려 ↑""",유일에너테크의 2회차 전환사채(CB) 전환가액이 최저 수준으로 낮아졌다. 전환가액이 최저로 낮아지면서 발행 가능 주식수가 전체 주식의 .. 아시아경제 | 2024-12-23 06:05:00,아시아경제,2024-12-23 06:05:00,https://n.news.naver.com/mnews/article/277/0005521671
증권가 신년 코스피 전망 얼마나 맞을까?… 끽해야 10번中 1번,"과거엔 하나, 최근엔 키움이 잘 맞춰 예측 가장 빗나갔던 해는 2020년과 2022년 “코로나19 계기로 변동성 커져… 전망 더 어려워.. 조선비즈 | 2024-12-23 06:01:24",조선비즈,2024-12-23 06:01:24,https://n.news.naver.com/mnews/article/366/0001042080
"‘강달러? 중꺾마!’ 서학개미, 이달 美 주식 2조 순매수",서학개미의 ‘미장(미국 주식) 사랑’은 고환율(강달러) 여파도 뛰어넘고 있다. 통상 강달러 시기에는 미국 주식 매수세가 줄어들지만 서학.. 파이낸셜뉴스 | 2024-12-23 06:01:20,파이낸셜뉴스,2024-12-23 06:01:20,https://n.news.naver.com/mnews/article/014/0005285864
"‘1300억 손실’ 신한證, 내년 2월부터 책무구조도 업무에 적용한다… 증권사 1호",1300억원 운용 손실 사태로 대표이사까지 바꾸는 신한투자증권이 내년 2월부터 책무구조도(금융회사 임원의 구체적 책무를 지정해 문서화한.. 조선비즈 | 2024-12-23 06:01:19,조선비즈,2024-12-23 06:01:19,https://n.news.naver.com/mnews/article/366/0001042078
"美 양자컴 기업 아이온큐, 한국인이 3분의 1 들고 있다고?... “열기 과도하다”",양자컴퓨터 업체 아이온큐 제약·항공우주·금융 등 활용도 무궁무진 적자 지속과 고평가된 밸류에이션 해소는 숙제 서학 개미(미국 주식에 투.. 조선비즈 | 2024-12-23 06:01:08,조선비즈,2024-12-23 06:01:08,https://n.news.naver.com/mnews/article/366/0001042075
"`무브먼트 코인 사태`로 드러난 허점…""유동성 판단 기준 세워야""","2021년 400개 달하던 단독상장 코인, 상반기 기준 285개까지 줄어 “제2의 무브먼트 사태 막기 위해선 가이드라인 필요” 최근 무.. 디지털타임스 | 2024-12-23 06:01:00",디지털타임스,2024-12-23 06:01:00,https://n.news.naver.com/mnews/article/029/0002924612
"11월 주식·회사채 25.6조원 발행…""IPO 축소·계절적 요인 탓 감소""",지난달 주식·회사채 총발행액이 25조 5901억 원에 달한 것으로 나타났다. 주식발행은 기업공개(IPO) 규모가 크게 줄어 감소하고 회.. 뉴스1 | 2024-12-23 06:00:00,뉴스1,2024-12-23 06:00:00,https://n.news.naver.com/mnews/article/421/0007981664
"""대어 실종"" 지난달 IPO 1000억대 그쳐…전월비 71%↓",지난달 기업공개(IPO) 규모가 전월 대비 크게 감소하면서 전체 주식 발행 규모가 37% 줄었다. 23일 금융감독원에 따르면 지난달 주.. 뉴시스 | 2024-12-23 06:00:00,뉴시스,2024-12-23 06:00:00,https://n.news.naver.com/mnews/article/003/0012976157
지난달 IPO 한파에 주식 발행규모 줄었다…IPO 금액 71%↓,지난 11월 기업공개(IPO) 규모가 전월 대비 71% 가량 줄면서 주식 발행규모도 전월 대비 약 37% 감소한 것으로 나타났다. 금융.. 머니투데이 | 2024-12-23 06:00:00,머니투데이,2024-12-23 06:00:00,https://n.news.naver.com/mnews/article/008/0005132065
한달새 금융株 1조 팔아치운 외인…'밸류업 기대' 뉴머니 이탈,윤석열 대통령이 초래한 탄핵 정국서 외국인 투자자들이 12월 한 달 새 1조원 넘게 금융주를 팔아치운 것으로 나타났다. 한국 증시의 역.. 아시아경제 | 2024-12-23 06:00:00,아시아경제,2024-12-23 06:00:00,https://n.news.naver.com/mnews/article/277/0005521670
“미국은 자사주 줄여 가치 높이는데”…밥먹듯 유상증자 남발하는 韓증시,"한·미 상장사 이익 2배로 늘때 코스피 24%, S&P 196% 상승 지난 10년간 코스피 상장사들이 벌어들인 순이익은 2배가 늘었지만.. 매일경제 | 2024-12-23 05:48:11",매일경제,2024-12-23 05:48:11,https://n.news.naver.com/mnews/article/009/0005418007
트럼프·머스크 만난 정용진…탄핵정국에 한 말은,정용진 신세계(004170)그룹 회장이 도널드 트럼프 미국 대통령 당선인을 직접 만났으며 트럼프 측 관계자에게 “대한민국은 저력 있는 .. 서울경제 | 2024-12-23 05:31:14,서울경제,2024-12-23 05:31:14,https://n.news.naver.com/mnews/article/011/0004431038
한·미 국고채 금리차 축소…환율급등 진정되나,"강달러에 원화약세가 이어지며 1450원대를 뚫은 환율이 당분간 고공행진하리라는 전망이 우세하지만, 한편에서는 급등세가 진정할 수 있다는.. 이데일리 | 2024-12-23 05:21:13",이데일리,2024-12-23 05:21:13,https://n.news.naver.com/mnews/article/018/0005911298
"당국 잇따른 대책에 ""달러 유동성 부족 해결엔 한계""","사진=AFP 원달러 환율이 15년 9개월 만에 1450원을 돌파하며 외환 당국이 잇따른 조치를 내놓고 있지만, 시장에서는 추가 대책에 .. 이데일리 | 2024-12-23 05:18:10",이데일리,2024-12-23 05:18:10,https://n.news.naver.com/mnews/article/018/0005911297
"""최악의 경우 외국인 매물 38조원 나온다""…'폭풍전야'",국내 증시의 변동성 확대와 맞물려 최악의 경우 38조원 규모의 외국인 매물이 추가로 나올 수 있다는 분석이 나왔다. 23일 LS증권에 .. 한국경제TV | 2024-12-23 05:00:00,한국경제TV,2024-12-23 05:00:00,https://n.news.naver.com/mnews/article/215/0001192694
"매출 속이고 공모가 부풀린 파두… 금감원, 검찰에 송치",상장 주관 NH투자증권 관계자도 금융감독원은 22일 코스닥에 상장하면서 거래처와 거래 중단 등 불리한 사실을 숨기고 공모가를 부풀린 혐.. 조선일보 | 2024-12-23 00:33:41,조선일보,2024-12-23 00:33:41,https://n.news.naver.com/mnews/article/023/0003878022
“빚 깎아달라”… 경기침체로 올해 역대 최다 될 듯,11월 말까지 17만9310명 신청 파산 신청한 회사도 역대 최다 경기 침체로 올해 한 해 채무조정을 신청한 대출자 수가 올해 역대 최.. 조선일보 | 2024-12-23 00:33:32,조선일보,2024-12-23 00:33:32,https://n.news.naver.com/mnews/article/023/0003878020
"'조단위 대어' 시프트업, 콘텐츠는 '호평' 주가는 '평평' 왜?[IPO 불패 옛말③]",지난달 공모가 대비 밑으로 떨어지기도 모멘텀 풍부한데 정체된 주가에 주주 '답답' 한투 목표가 7만원 제시…내년 기대 시각도 올해 국내.. 더팩트 | 2024-12-23 00:00:36,더팩트,2024-12-23 00:00:36,https://n.news.naver.com/mnews/article/629/0000350199
